CH4,H
1391177700.42973995, 367.4066954134232
1134795600305.7473, 210.7680190102392
105372497273.60747, 260.53639846743226
18738174228.603867, 291.18773946360125
2633022349.3438964, 321.8390804597693
41080560.801772386, 429.1187739463594
5772495.94304303, 475.0957854406133
1405164.8347492584, 505.7471264367814
468224.94300105626, 536.3984674329504
182542.34964097574, 551.7241379310344
16015.682644458306, 567.0498084291185
2848035868435.8164, 183.90804597701117
10000, 567.0498084291185